year,month,total_revenue,order_volume
2024,1,14548.319999999992,31
2024,2,10803.369999999999,29
2024,3,12849.239999999996,31
2024,4,12451.689999999995,30
2024,5,8455.49,31
2024,6,7384.549999999998,30
2024,7,6797.08,31
2024,8,7278.109999999999,27
